{
  "rotation_bias": 0.1,
  "locked_ticks": [
    0,
    1,
    10,
    11,
    12,
    13,
    14,
    23,
    24,
    25,
    26,
    35,
    36,
    37,
    38,
    47,
    48,
    49,
    50,
    59,
    60,
    61,
    62,
    63,
    71,
    72,
    73,
    74,
    75,
    84,
    85,
    86,
    87,
    96,
    97,
    98,
    99,
    108,
    109,
    110,
    111,
    120,
    121,
    122,
    123,
    124,
    133,
    134,
    135,
    136,
    145,
    146,
    147,
    148
  ],
  "locked_positions": [
    6.0,
    6.032,
    6.32,
    6.352,
    6.384,
    6.416,
    6.448,
    6.736,
    6.768,
    6.8,
    6.832,
    7.12,
    7.152,
    7.184,
    7.216,
    7.504,
    7.536,
    7.568,
    7.6,
    7.888,
    7.92,
    7.952,
    7.984,
    8.016,
    8.272,
    8.304,
    8.336,
    8.368,
    8.4,
    8.688,
    8.72,
    8.752,
    8.784,
    9.072,
    9.104,
    9.136,
    9.168,
    9.456,
    9.488,
    9.52,
    9.552,
    9.84,
    9.872,
    9.904,
    9.936,
    9.968,
    10.256,
    10.288,
    10.32,
    10.352,
    10.64,
    10.672,
    10.704,
    10.736
  ],
  "total_locks": 54,
  "average_delay_between_locks": 2.792452830188679,
  "final_position": 10.800000000000004
}