{
  "locked_ticks": {
    "A": [
      0,
      1,
      2,
      3,
      4,
      66,
      67,
      68,
      69,
      70,
      71,
      72,
      73,
      74,
      75,
      76,
      77,
      78,
      79,
      149
    ],
    "B": [
      75,
      76,
      77,
      78,
      79,
      80,
      81,
      82,
      161,
      163,
      164,
      165,
      166,
      167
    ],
    "C": [
      0,
      1,
      2,
      71,
      72,
      73,
      74,
      75,
      76,
      77,
      78,
      79,
      161
    ]
  },
  "total_locks": {
    "A": 20,
    "B": 14,
    "C": 13
  },
  "final_positions": {
    "A": 14.800000000000011,
    "B": 9.199999999999974,
    "C": 12.0
  },
  "recruiter_oscillation": {
    "period": 40,
    "amplitude": 0.01
  }
}