{
  "lock_ticks": {
    "A": 0,
    "B": 0
  },
  "max_support": {
    "A": 13.841389799744391,
    "B": 13.842927365543765
  }
}