{
  "lock_ticks": {
    "A": 0,
    "B": 1
  },
  "unlock_ticks": {
    "A": 109,
    "B": 99
  },
  "relock_ticks": {
    "A": 93,
    "B": 85
  },
  "max_support": {
    "A": 13.746566585529763,
    "B": 13.496078914744626
  }
}