{
  "lock_ticks": {
    "A": 0,
    "B": 1
  },
  "max_support": {
    "A": 13.841389799744391,
    "B": 13.842927365543765
  },
  "excluded": [
    {
      "id": "B",
      "tick": 0
    }
  ]
}