{
  "gradient": 0.05,
  "locked_ticks": [
    0,
    1,
    2,
    14,
    15,
    16,
    17,
    18,
    19,
    20,
    21,
    22,
    34,
    35,
    36,
    37,
    38,
    39,
    40,
    41,
    42,
    55,
    56,
    57,
    58,
    59,
    60,
    61,
    62,
    75,
    76,
    77,
    78,
    79,
    80,
    81,
    82,
    95,
    96,
    97,
    98,
    99,
    100,
    101,
    102,
    115,
    116,
    117,
    118,
    119,
    120,
    121,
    122,
    135,
    136,
    137,
    138,
    139,
    140,
    141,
    142
  ],
  "locked_positions": [
    6.0,
    6.032,
    6.064,
    6.448,
    6.48,
    6.512,
    6.544,
    6.576,
    6.608,
    6.64,
    6.672,
    6.704,
    7.088,
    7.12,
    7.152,
    7.184,
    7.216,
    7.248,
    7.28,
    7.312,
    7.344,
    7.76,
    7.792,
    7.824,
    7.856,
    7.888,
    7.92,
    7.952,
    7.984,
    8.4,
    8.432,
    8.464,
    8.496,
    8.528,
    8.56,
    8.592,
    8.624,
    9.04,
    9.072,
    9.104,
    9.136,
    9.168,
    9.2,
    9.232,
    9.264,
    9.68,
    9.712,
    9.744,
    9.776,
    9.808,
    9.84,
    9.872,
    9.904,
    10.32,
    10.352,
    10.384,
    10.416,
    10.448,
    10.48,
    10.512,
    10.544
  ],
  "timing_intervals": [
    1,
    1,
    12,
    1,
    1,
    1,
    1,
    1,
    1,
    1,
    1,
    12,
    1,
    1,
    1,
    1,
    1,
    1,
    1,
    1,
    13,
    1,
    1,
    1,
    1,
    1,
    1,
    1,
    13,
    1,
    1,
    1,
    1,
    1,
    1,
    1,
    13,
    1,
    1,
    1,
    1,
    1,
    1,
    1,
    13,
    1,
    1,
    1,
    1,
    1,
    1,
    1,
    13,
    1,
    1,
    1,
    1,
    1,
    1,
    1
  ],
  "spatial_intervals": [
    0.03200000000000003,
    0.03200000000000003,
    0.38400000000000034,
    0.03200000000000003,
    0.03199999999999914,
    0.03200000000000003,
    0.03200000000000003,
    0.03200000000000003,
    0.03200000000000003,
    0.03200000000000003,
    0.03200000000000003,
    0.38400000000000034,
    0.03200000000000003,
    0.03200000000000003,
    0.03200000000000003,
    0.03200000000000003,
    0.03200000000000003,
    0.03200000000000003,
    0.03200000000000003,
    0.03200000000000003,
    0.4159999999999995,
    0.03200000000000003,
    0.03200000000000003,
    0.03200000000000003,
    0.03200000000000003,
    0.03200000000000003,
    0.03200000000000003,
    0.03200000000000003,
    0.41600000000000037,
    0.03200000000000003,
    0.03200000000000003,
    0.03200000000000003,
    0.03200000000000003,
    0.03200000000000003,
    0.03200000000000003,
    0.03200000000000003,
    0.4159999999999986,
    0.03200000000000003,
    0.03200000000000003,
    0.03200000000000003,
    0.03200000000000003,
    0.03200000000000003,
    0.03200000000000003,
    0.03200000000000003,
    0.41600000000000037,
    0.03200000000000003,
    0.03200000000000003,
    0.03200000000000003,
    0.03200000000000003,
    0.03200000000000003,
    0.03200000000000003,
    0.03200000000000003,
    0.41600000000000037,
    0.03200000000000003,
    0.03200000000000003,
    0.03200000000000003,
    0.03200000000000003,
    0.03200000000000003,
    0.03200000000000003,
    0.03200000000000003
  ],
  "propagation_metrics": [
    [
      0,
      6.0
    ],
    [
      1,
      6.032
    ],
    [
      2,
      6.064
    ],
    [
      14,
      6.448
    ],
    [
      15,
      6.48
    ],
    [
      16,
      6.512
    ],
    [
      17,
      6.544
    ],
    [
      18,
      6.576
    ],
    [
      19,
      6.608
    ],
    [
      20,
      6.64
    ],
    [
      21,
      6.672
    ],
    [
      22,
      6.704
    ],
    [
      34,
      7.088
    ],
    [
      35,
      7.12
    ],
    [
      36,
      7.152
    ],
    [
      37,
      7.184
    ],
    [
      38,
      7.216
    ],
    [
      39,
      7.248
    ],
    [
      40,
      7.28
    ],
    [
      41,
      7.312
    ],
    [
      42,
      7.344
    ],
    [
      55,
      7.76
    ],
    [
      56,
      7.792
    ],
    [
      57,
      7.824
    ],
    [
      58,
      7.856
    ],
    [
      59,
      7.888
    ],
    [
      60,
      7.92
    ],
    [
      61,
      7.952
    ],
    [
      62,
      7.984
    ],
    [
      75,
      8.4
    ],
    [
      76,
      8.432
    ],
    [
      77,
      8.464
    ],
    [
      78,
      8.496
    ],
    [
      79,
      8.528
    ],
    [
      80,
      8.56
    ],
    [
      81,
      8.592
    ],
    [
      82,
      8.624
    ],
    [
      95,
      9.04
    ],
    [
      96,
      9.072
    ],
    [
      97,
      9.104
    ],
    [
      98,
      9.136
    ],
    [
      99,
      9.168
    ],
    [
      100,
      9.2
    ],
    [
      101,
      9.232
    ],
    [
      102,
      9.264
    ],
    [
      115,
      9.68
    ],
    [
      116,
      9.712
    ],
    [
      117,
      9.744
    ],
    [
      118,
      9.776
    ],
    [
      119,
      9.808
    ],
    [
      120,
      9.84
    ],
    [
      121,
      9.872
    ],
    [
      122,
      9.904
    ],
    [
      135,
      10.32
    ],
    [
      136,
      10.352
    ],
    [
      137,
      10.384
    ],
    [
      138,
      10.416
    ],
    [
      139,
      10.448
    ],
    [
      140,
      10.48
    ],
    [
      141,
      10.512
    ],
    [
      142,
      10.544
    ]
  ],
  "final_position": 10.800000000000004
}