{
  "c_etm": 0.3959037912324479,
  "locked_ticks": [
    0,
    1,
    9,
    10,
    11,
    12,
    13,
    22,
    23,
    24,
    25,
    26,
    33,
    34,
    35,
    36,
    37,
    45,
    46,
    47,
    48,
    49,
    56,
    57,
    58,
    59,
    60,
    67,
    68,
    69,
    70,
    71,
    79,
    80,
    81,
    82,
    83,
    90,
    91,
    92,
    93,
    94,
    101,
    102,
    103,
    104,
    105,
    113,
    114,
    115,
    116,
    117,
    124,
    125,
    126,
    127,
    128,
    135,
    136,
    137,
    138,
    139,
    147,
    148,
    149
  ],
  "locked_positions": [
    6.0,
    6.396,
    9.563,
    9.959,
    10.355,
    10.751,
    11.147,
    14.71,
    15.106,
    15.502,
    15.898,
    16.293,
    19.065,
    19.461,
    19.857,
    20.253,
    20.648,
    23.816,
    24.212,
    24.607,
    25.003,
    25.399,
    28.171,
    28.567,
    28.962,
    29.358,
    29.754,
    32.526,
    32.921,
    33.317,
    33.713,
    34.109,
    37.276,
    37.672,
    38.068,
    38.464,
    38.86,
    41.631,
    42.027,
    42.423,
    42.819,
    43.215,
    45.986,
    46.382,
    46.778,
    47.174,
    47.57,
    50.737,
    51.133,
    51.529,
    51.925,
    52.321,
    55.092,
    55.488,
    55.884,
    56.28,
    56.676,
    59.447,
    59.843,
    60.239,
    60.635,
    61.031,
    64.198,
    64.594,
    64.99
  ],
  "total_locks": 65,
  "average_delay_between_locks": 2.328125,
  "final_position": 65.38556868486728
}